<?xml version="1.0" encoding="UTF-8"?>
<!--
/**
 * Licensed to the Apache Software Foundation (ASF) under one
 * or more contributor license agreements.  See the NOTICE file
 * distributed with this work for additional information
 * regarding copyright ownership.  The ASF licenses this file
 * to you under the Apache License, Version 2.0 (the
 * "License"); you may not use this file except in compliance
 * with the License.  You may obtain a copy of the License at
 *
 *     http://www.apache.org/licenses/LICENSE-2.0
 *
 * Unless required by applicable law or agreed to in writing, software
 * distributed under the License is distributed on an "AS IS" BASIS,
 * WITHOUT WARRANTIES OR CONDITIONS OF ANY KIND, either express or implied.
 * See the License for the specific language governing permissions and
 * limitations under the License.
 */
-->

<configuration supports_final="false">
    <property>
        <name>content</name>
        <description>Livy-log4j-Properties</description>
        <value>
# The default Livy logging configuration.
log4j.rootLogger=INFO,console,DRFA,ETW,FilterLog

log4j.appender.console=org.apache.log4j.ConsoleAppender
log4j.appender.console.target=System.err
log4j.appender.console.layout=org.apache.log4j.PatternLayout
log4j.appender.console.layout.ConversionPattern=%d{yy/MM/dd HH:mm:ss} %p %c{1}: %m%n

log4j.logger.org.eclipse.jetty=INFO

log4j.appender.DRFA=org.apache.log4j.DailyRollingFileAppender
log4j.appender.DRFA.target=System.err
log4j.appender.DRFA.File=/var/log/livy/livy.log
# Rollver at midnight
log4j.appender.DRFA.DatePattern=.yyyy-MM-dd
log4j.appender.DRFA.layout=org.apache.log4j.PatternLayout
# Pattern format: Date LogLevel LoggerName LogMessage
log4j.appender.DRFA.layout.ConversionPattern=%d{yy/MM/dd HH:mm:ss} %p %c{1}: %m%n

#EtwLog Appender
#sends Spark logs to customer storage account
log4j.appender.ETW=com.microsoft.log4jappender.EtwAppender
log4j.appender.ETW.source=HadoopServiceLog
log4j.appender.ETW.component=sparklivy
log4j.appender.ETW.layout=org.apache.log4j.TTCCLayout
log4j.appender.ETW.OSType=Linux

# FilterLog Appender
# Sends filtered HDP service logs to our storage account
log4j.appender.FilterLog=com.microsoft.log4jappender.FilterLogAppender
log4j.appender.FilterLog.source=CentralFilteredHadoopServiceLogs
log4j.appender.FilterLog.component=sparklivy
log4j.appender.FilterLog.layout=org.apache.log4j.TTCCLayout
log4j.appender.FilterLog.Threshold=INFO
log4j.appender.FilterLog.whitelistFileName=NA
log4j.appender.FilterLog.OSType=Linux

        </value>
    </property>
</configuration>
